INSERT into ROOM_TYPE(ROOMTYPEID,ROOMTYPENAME,ROOMCOSTWITHREAKFAST,ROOMCOSTWITHOUTREAKFAST) VALUES (1,'SINGLE',7250.00,7000.00)
INSERT into ROOM_TYPE(ROOMTYPEID,ROOMTYPENAME,ROOMCOSTWITHREAKFAST,ROOMCOSTWITHOUTREAKFAST) VALUES (2,'DOUBLE',10250.00,10000.00)

INSERT into ROOM_DETAILS(ROOMID,ROOMTYPEID,ISAVAILABLE) VALUES (10,1,true)
INSERT into ROOM_DETAILS(ROOMID,ROOMTYPEID,ISAVAILABLE) VALUES (11,1,true)
INSERT into ROOM_DETAILS(ROOMID,ROOMTYPEID,ISAVAILABLE) VALUES (12,2,true)
INSERT into ROOM_DETAILS(ROOMID,ROOMTYPEID,ISAVAILABLE) VALUES (13,2,true)
INSERT into ROOM_DETAILS(ROOMID,ROOMTYPEID,ISAVAILABLE) VALUES (14,2,true)

INSERT into ROOM_BOOK(ROOMBOOKID,ROOMID,CUSTOMERID,BOOKEDFROM,BOOKEDTO) VALUES (101,10,201,'2017-09-06','2017-09-27')
INSERT into ROOM_BOOK(ROOMBOOKID,ROOMID,CUSTOMERID,BOOKEDFROM,BOOKEDTO) VALUES (102,11,202,'2017-09-06','2017-09-07')
INSERT into ROOM_BOOK(ROOMBOOKID,ROOMID,CUSTOMERID,BOOKEDFROM,BOOKEDTO) VALUES (103,12,201,'2017-09-06','2017-09-07')
INSERT into ROOM_BOOK(ROOMBOOKID,ROOMID,CUSTOMERID,BOOKEDFROM,BOOKEDTO) VALUES (104,13,202,'2017-09-06','2017-09-07')
INSERT into ROOM_BOOK(ROOMBOOKID,ROOMID,CUSTOMERID,BOOKEDFROM,BOOKEDTO) VALUES (105,14,201,'2017-09-06','2017-09-07')
INSERT into ROOM_BOOK(ROOMBOOKID,ROOMID,CUSTOMERID,BOOKEDFROM,BOOKEDTO) VALUES (106,10,201,'2017-09-16','2017-09-27')


INSERT into CUSTOMER(CUSTOMERID,CUSTOMERNAME,ISBREAKFAST,HEADS,ROOMTYPEID) VALUES (201,'Ani',true,1,1)
INSERT into CUSTOMER(CUSTOMERID,CUSTOMERNAME,ISBREAKFAST,HEADS,ROOMTYPEID) VALUES (202,'Messi',false,2,2)


-- INSERT into BILL(BILLID,CUSTOMERID,AMOUNT) values (601,201,null)

